channel,ltv
Organic Social,305.3829778887426
Email,292.49723722409175
Direct,243.29234757494945
Paid Search,228.07454164234917
Affiliate,209.93540387219738
Paid Social,208.67611647515204
TikTok,151.4588235708605
