channel,cac
Direct,0.0
Email,5.361130592987932
Organic Social,6.489414126618235
Affiliate,41.98710411710988
Paid Search,45.61490832846983
Paid Social,54.98038418206675
TikTok,125.22111773859223
