channel,return_rate
TikTok,0.019301577077417094
Organic Social,0.0199870800008203
Paid Social,0.020001634189090973
Email,0.020009190640211123
Paid Search,0.020009800862355678
Direct,0.02002935967873089
Affiliate,0.0200326945482761
