channel,roas
Email,54.533784106024974
Organic Social,46.95891304039202
Paid Search,5.0
Affiliate,4.9999972237029136
Paid Social,3.793160504030548
TikTok,1.2097057332928633
Direct,
